INSERT INTO Agencies (agency_name, contact_info, contract_terms) VALUES
('Альфа Кадры', 'contact@alpha.ru', 'Стандартный контракт'),
('Бета HR', 'info@beta.ru', 'Премиум контракт'),
('Гамма Сервис', 'gamma@service.ru', 'Гибкий контракт'),
('Дельта Персонал', 'delta@work.ru', 'Долгосрочный контракт'),
('Эпсилон Групп', 'epsilon@group.ru', 'Краткосрочный контракт'),
('Зета Кадры', 'zeta@staff.ru', 'Стандартный контракт'),
('Эта HR', 'eta@hr.ru', 'Премиум контракт'),
('Тета Сервис', 'theta@services.ru', 'Гибкий контракт'),
('Йота Партнеры', 'iota@partners.ru', 'Долгосрочный контракт'),
('Каппа Агентство', 'kappa@agency.ru', 'Краткосрочный контракт');

INSERT INTO Employees (first_name, last_name, date_of_birth, employment_date, position, status, contact_info, pay_rate, agency_id) VALUES
('Иван','Иванов','1985-06-15','2020-01-10','Медсестра','Active','ivan.ivanov@mail.ru',25.00,1),
('Мария','Петрова','1990-11-20','2019-03-15','Ассистент','Active','maria.petrova@mail.ru',20.00,1),
('Михаил','Сидоров','1982-09-05','2021-07-01','Техник','Active','mikhail.sidorov@mail.ru',22.50,2),
('Екатерина','Давыдова','1988-04-12','2018-05-20','Медсестра','Active','ekaterina.davydova@mail.ru',24.00,3),
('Роман','Борисов','1992-08-18','2022-02-10','Ассистент','Active','roman.borisov@mail.ru',19.50,2),
('Людмила','Волкова','1987-12-05','2021-06-01','Техник','Active','lyudmila.volkova@mail.ru',23.00,4),
('Даниил','Тарасов','1991-09-30','2020-11-15','Медсестра','Active','danil.tarasov@mail.ru',25.50,5),
('София','Морозова','1989-07-22','2019-09-10','Ассистент','Active','sofia.morozova@mail.ru',20.50,6),
('Алексей','Андреев','1984-03-18','2021-03-05','Техник','Active','aleksey.andreev@mail.ru',22.00,7),
('Ольга','Тимофеева','1993-05-25','2022-01-20','Медсестра','Active','olga.timofeeva@mail.ru',24.50,8);

INSERT INTO Facilities (name, location, type) VALUES
('Центральная Больница','Москва','Больница'),
('Западная Клиника','Санкт-Петербург','Клиника'),
('Восточный Медцентр','Казань','Больница'),
('Южная Медслужба','Новосибирск','Клиника'),
('Северная Забота','Екатеринбург','Клиника'),
('Городская Больница','Калининград','Больница'),
('Пригородная Клиника','Нижний Новгород','Клиника'),
('Северный Медцентр','Челябинск','Больница'),
('Городская Клиника','Ростов-на-Дону','Клиника'),
('Метрополис Больница','Владивосток','Больница');

INSERT INTO Shifts (facility_id, shift_date, start_time, end_time, required_positions, notes) VALUES
(1,'2025-12-23','08:00','16:00',2,'Утренняя смена'),
(1,'2025-12-23','16:00','00:00',2,'Вечерняя смена'),
(2,'2025-12-23','09:00','17:00',1,'Обычная смена'),
(3,'2025-12-24','08:00','16:00',2,'Утренняя смена'),
(4,'2025-12-24','16:00','00:00',1,'Вечерняя смена'),
(5,'2025-12-24','09:00','17:00',2,'Обычная смена'),
(6,'2025-12-25','08:00','16:00',2,'Утренняя смена'),
(7,'2025-12-25','16:00','00:00',1,'Вечерняя смена'),
(8,'2025-12-25','09:00','17:00',2,'Обычная смена'),
(9,'2025-12-25','08:00','16:00',2,'Утренняя смена');

INSERT INTO ShiftAssignments (shift_id, employee_id, assigned_at, status) VALUES
(1,1,'2025-12-20 10:00','Assigned'),
(1,2,'2025-12-20 10:30','Assigned'),
(2,3,'2025-12-21 11:00','Assigned'),
(3,4,'2025-12-22 09:00','Assigned'),
(4,5,'2025-12-22 14:00','Assigned'),
(5,6,'2025-12-23 10:00','Assigned'),
(6,7,'2025-12-23 09:30','Assigned'),
(7,8,'2025-12-24 08:45','Assigned'),
(8,9,'2025-12-24 09:15','Assigned'),
(9,10,'2025-12-24 10:00','Assigned');

INSERT INTO AttendanceLogs (assignment_id, clock_in_time, clock_out_time, location_checked, status) VALUES
(1,'2025-12-23 07:55','2025-12-23 16:05',TRUE,'Присутствовал'),
(2,'2025-12-23 08:10','2025-12-23 16:00',TRUE,'Опоздал'),
(3,'2025-12-23 16:05','2025-12-23 23:55',TRUE,'Присутствовал'),
(4,'2025-12-24 08:00','2025-12-24 16:00',TRUE,'Присутствовал'),
(5,'2025-12-24 16:10','2025-12-25 00:00',TRUE,'Опоздал'),
(6,'2025-12-25 08:00','2025-12-25 16:00',TRUE,'Присутствовал'),
(7,'2025-12-25 16:05','2025-12-25 23:50',TRUE,'Присутствовал'),
(8,'2025-12-25 09:05','2025-12-25 17:00',TRUE,'Присутствовал'),
(9,'2025-12-25 08:50','2025-12-25 16:10',TRUE,'Присутствовал'),
(10,'2025-12-25 08:55','2025-12-25 16:05',TRUE,'Присутствовал');

INSERT INTO ComplianceEvents (attendance_id, event_type, severity, reported_at) VALUES
(2,'Опоздание','Низкая','2025-12-23 16:30'),
(5,'Опоздание','Низкая','2025-12-24 00:15'),
(3,'Сверхурочно','Средняя','2025-12-23 23:55'),
(7,'Сверхурочно','Средняя','2025-12-25 23:50'),
(4,'Отсутствие','Высокая','2025-12-24 12:00'),
(6,'Опоздание','Низкая','2025-12-25 16:05'),
(8,'Отсутствие','Высокая','2025-12-25 12:30'),
(1,'Опоздание','Низкая','2025-12-23 08:05'),
(9,'Сверхурочно','Средняя','2025-12-25 16:15'),
(10,'Опоздание','Низкая','2025-12-25 08:57');

INSERT INTO PayrollRecords (employee_id, pay_period_start, pay_period_end, total_hours, overtime_hours, base_pay, overtime_pay, gross_pay, taxes, net_pay) VALUES
(1,'2025-12-01','2025-12-15',80,2,2000.00,50.00,2050.00,410.00,1640.00),
(2,'2025-12-01','2025-12-15',75,0,1500.00,0.00,1500.00,300.00,1200.00),
(3,'2025-12-01','2025-12-15',82,3,1845.00,67.50,1912.50,382.50,1530.00),
(4,'2025-12-01','2025-12-15',78,1,1872.00,24.00,1896.00,379.20,1516.80),
(5,'2025-12-01','2025-12-15',70,0,1365.00,0.00,1365.00,273.00,1092.00),
(6,'2025-12-01','2025-12-15',80,2,1840.00,46.00,1886.00,377.20,1508.80),
(7,'2025-12-01','2025-12-15',82,4,2091.00,102.00,2193.00,438.60,1754.40),
(8,'2025-12-01','2025-12-15',75,0,1537.50,0.00,1537.50,307.50,1230.00),
(9,'2025-12-01','2025-12-15',80,1,1760.00,22.00,1782.00,356.40,1425.60),
(10,'2025-12-01','2025-12-15',78,3,1872.00,72.00,1944.00,388.80,1555.20);
